t_rel,cgroup_bytes,kernel_rss,kernel_pss,claude_rss,claude_pss,health_observed,health_claude_rss,health_kernel_rss,health_service_rss,health_pending,health_admission
0.327,3398987776,15831040,13990912,293507072,291353600,309338112,293507072,15831040,309338112,0,allow
0.842,3401732096,15831040,13990912,293507072,291349504,309338112,293507072,15831040,309338112,0,allow
1.364,3399159808,15831040,13990912,293535744,291365888,309366784,293535744,15831040,309366784,0,allow
2.108,3399217152,15831040,13990912,293404672,291353600,309235712,293404672,15831040,309235712,0,allow
2.849,3399356416,15831040,13990912,293367808,291353600,309198848,293367808,15831040,309198848,0,allow
3.357,3400855552,16355328,14322688,294404096,292389888,310759424,294404096,16355328,310759424,1,allow
3.863,3401138176,16355328,14322688,293974016,291996672,310329344,293974016,16355328,310329344,1,allow
4.369,3401314304,16355328,14322688,294064128,292021248,310419456,294064128,16355328,310419456,1,allow
4.875,3401187328,16355328,14322688,294060032,292021248,310415360,294060032,16355328,310415360,1,allow
5.381,3401281536,16355328,14322688,294060032,292025344,310415360,294060032,16355328,310415360,1,allow
5.886,3401621504,16355328,14322688,294060032,292017152,310415360,294060032,16355328,310415360,1,allow
6.393,3401662464,16355328,14322688,294170624,292029440,310525952,294170624,16355328,310525952,1,allow
6.898,3401658368,16355328,14322688,294170624,292017152,310525952,294170624,16355328,310525952,1,allow
7.404,3401601024,16355328,14322688,294133760,292049920,310489088,294133760,16355328,310489088,1,allow
7.910,3401117696,16355328,14322688,294133760,292025344,310489088,294133760,16355328,310489088,1,allow
8.415,3401134080,16355328,14322688,294060032,292033536,310415360,294060032,16355328,310415360,1,allow
8.922,3401367552,16355328,14322688,294133760,292144128,310489088,294133760,16355328,310489088,1,allow
9.428,3401592832,16355328,14322688,294219776,292303872,310575104,294219776,16355328,310575104,1,allow
9.934,3401519104,16355328,14322688,294567936,292332544,310923264,294567936,16355328,310923264,1,allow
10.440,3402682368,16355328,14322688,295452672,293434368,311808000,295452672,16355328,311808000,1,allow
10.946,3402498048,16355328,14322688,295452672,293377024,311808000,295452672,16355328,311808000,1,allow
11.452,3402571776,16355328,14322688,295378944,293413888,311734272,295378944,16355328,311734272,1,allow
11.958,3402993664,16355328,14322688,295641088,293774336,311996416,295641088,16355328,311996416,1,allow
12.463,3403149312,16355328,14322688,295911424,293917696,312266752,295911424,16355328,312266752,1,allow
12.969,3403010048,16355328,14322688,295911424,293827584,312266752,295911424,16355328,312266752,1,allow
13.475,3403493376,16355328,14322688,296079360,294024192,312434688,296079360,16355328,312434688,1,allow
13.981,3403948032,16355328,14322688,296210432,294315008,312565760,296210432,16355328,312565760,1,allow
14.487,3403632640,16355328,14322688,296308736,294163456,312664064,296308736,16355328,312664064,1,allow
14.994,3414487040,16355328,14322688,296177664,294138880,312532992,296177664,16355328,312532992,1,allow
15.501,3405910016,16355328,14322688,296194048,294147072,312549376,296194048,16355328,312549376,1,allow
16.007,3405819904,16355328,14322688,296194048,294167552,312549376,296194048,16355328,312549376,1,allow
16.514,3405869056,16355328,14322688,296292352,294286336,312647680,296292352,16355328,312647680,1,allow
17.020,3405680640,16355328,14322688,296292352,294294528,312647680,296292352,16355328,312647680,1,allow
17.527,3405733888,16355328,14322688,296325120,294269952,312680448,296325120,16355328,312680448,1,allow
18.036,3412201472,16355328,14322688,296325120,294298624,312680448,296325120,16355328,312680448,1,allow
18.543,3412107264,16355328,14322688,296423424,294351872,312778752,296423424,16355328,312778752,1,allow
19.049,3411910656,16355328,14322688,296288256,294265856,312643584,296288256,16355328,312643584,1,allow
19.555,3411812352,16355328,14322688,296312832,294298624,312668160,296312832,16355328,312668160,1,allow
20.062,3411734528,16355328,14322688,296312832,294278144,312668160,296312832,16355328,312668160,1,allow
20.568,3411902464,16355328,14322688,296169472,294249472,312524800,296169472,16355328,312524800,1,allow
21.074,3411771392,16355328,14322688,296169472,294224896,312524800,296169472,16355328,312524800,1,allow
21.581,3411800064,16355328,14322688,296218624,294245376,312573952,296218624,16355328,312573952,1,allow
22.087,3411677184,16355328,14322688,296218624,294245376,312573952,296218624,16355328,312573952,1,allow
22.593,3411681280,16355328,14322688,296235008,294241280,312590336,296235008,16355328,312590336,1,allow
23.100,3411668992,16355328,14322688,296235008,294241280,312590336,296235008,16355328,312590336,1,allow
23.606,3411628032,16355328,14322688,296288256,294241280,312643584,296288256,16355328,312643584,1,allow
24.113,3411607552,16355328,14322688,296288256,294241280,312643584,296288256,16355328,312643584,1,allow
24.619,3412123648,16355328,14322688,296534016,294626304,312889344,296534016,16355328,312889344,1,allow
25.126,3412025344,16355328,14322688,296534016,294630400,312889344,296534016,16355328,312889344,1,allow
25.632,3403862016,16355328,14322688,296558592,294560768,312913920,296558592,16355328,312913920,1,allow
26.139,3403988992,16355328,14322688,296558592,294663168,312913920,296558592,16355328,312913920,1,allow
26.645,3390062592,16355328,14322688,282791936,280736768,299147264,282791936,16355328,299147264,1,allow
27.151,3390042112,16355328,14322688,282791936,280736768,299147264,282791936,16355328,299147264,1,allow
27.657,3390222336,16355328,14322688,282783744,280749056,299139072,282783744,16355328,299139072,1,allow
28.163,3390717952,16355328,14322688,283308032,281326592,299663360,283308032,16355328,299663360,1,allow
28.672,3390328832,16355328,14322688,282861568,280900608,299216896,282861568,16355328,299216896,1,allow
29.178,3390304256,16355328,14322688,282963968,280982528,299319296,282963968,16355328,299319296,1,allow
29.684,3390382080,16355328,14322688,283086848,281023488,299442176,283086848,16355328,299442176,1,allow
30.190,3390345216,16355328,14322688,283086848,281019392,299442176,283086848,16355328,299442176,1,allow
30.697,3390377984,16355328,14322688,283078656,281056256,299433984,283078656,16355328,299433984,1,allow
31.203,3390550016,16355328,14322688,283209728,281232384,299565056,283209728,16355328,299565056,1,allow
31.709,3390689280,16355328,14322688,283193344,281322496,299548672,283193344,16355328,299548672,1,allow
32.215,3391574016,16355328,14322688,283848704,282092544,300204032,283848704,16355328,300204032,1,allow
32.721,3391041536,16355328,14326784,283717632,281646080,300072960,283717632,16355328,300072960,1,allow
33.227,3391250432,16355328,14326784,283848704,281891840,300204032,283848704,16355328,300204032,1,allow
33.735,3391168512,16355328,14326784,283713536,281654272,300068864,283713536,16355328,300068864,1,allow
34.242,3391377408,16355328,14326784,283975680,281936896,300331008,283975680,16355328,300331008,1,allow
34.749,3391012864,16355328,14326784,283713536,281691136,300068864,283713536,16355328,300068864,1,allow
35.255,3391217664,16355328,14326784,283975680,281986048,300331008,283975680,16355328,300331008,1,allow
35.761,3391098880,16355328,14326784,283676672,281703424,300032000,283676672,16355328,300032000,1,allow
36.267,3391332352,16355328,14326784,283807744,281998336,300163072,283807744,16355328,300163072,1,allow
36.774,3390935040,16355328,14326784,283664384,281748480,300019712,283664384,16355328,300019712,1,allow
37.280,3391426560,16355328,14326784,284057600,282113024,300412928,284057600,16355328,300412928,1,allow
37.786,3391930368,16355328,14326784,284430336,282518528,300785664,284430336,16355328,300785664,1,allow
38.292,3392159744,16355328,14326784,284823552,282899456,301178880,284823552,16355328,301178880,1,allow
38.801,3391840256,16355328,14326784,284663808,282522624,301019136,284663808,16355328,301019136,1,allow
39.308,3391717376,16355328,14326784,284794880,282452992,301150208,284794880,16355328,301150208,1,allow
39.814,3391733760,16355328,14326784,284663808,282379264,301019136,284663808,16355328,301019136,1,allow
40.320,3391696896,16355328,14326784,284381184,282366976,300736512,284381184,16355328,300736512,1,allow
40.828,3391528960,16355328,14326784,284381184,282346496,300736512,284381184,16355328,300736512,1,allow
41.334,3391725568,16355328,14326784,284508160,282346496,300863488,284508160,16355328,300863488,1,allow
41.841,3391623168,16355328,14326784,284508160,282338304,300863488,284508160,16355328,300863488,1,allow
42.347,3391598592,16355328,14326784,284377088,282346496,300732416,284377088,16355328,300732416,1,allow
42.853,3391537152,16355328,14326784,284377088,282338304,300732416,284377088,16355328,300732416,1,allow
43.360,3391901696,16355328,14326784,284491776,282412032,300847104,284491776,16355328,300847104,1,allow
43.872,3391717376,16355328,14326784,284348416,282305536,300703744,284348416,16355328,300703744,1,allow
44.378,3391741952,16355328,14326784,284348416,282321920,300703744,284348416,16355328,300703744,1,allow
44.884,3391819776,16355328,14326784,284348416,282326016,300703744,284348416,16355328,300703744,1,allow
45.391,3391799296,16355328,14326784,284348416,282326016,300703744,284348416,16355328,300703744,1,allow
45.898,3391741952,16355328,14326784,284348416,282317824,300703744,284348416,16355328,300703744,1,allow
46.405,3391684608,16355328,14326784,284475392,282326016,300830720,284475392,16355328,300830720,1,allow
46.912,3391623168,16355328,14326784,284475392,282326016,300830720,284475392,16355328,300830720,1,allow
47.418,3391569920,16355328,14326784,284471296,282326016,300826624,284471296,16355328,300826624,1,allow
47.924,3391766528,16355328,14326784,284471296,282338304,300826624,284471296,16355328,300826624,1,allow
48.431,3391991808,16355328,14326784,284438528,282452992,300793856,284438528,16355328,300793856,1,allow
48.938,3391807488,16355328,14326784,284438528,282383360,300793856,284438528,16355328,300793856,1,allow
49.444,3391754240,16355328,14326784,284438528,282387456,300793856,284438528,16355328,300793856,1,allow
49.950,3391225856,16355328,14326784,283987968,282010624,300343296,283987968,16355328,300343296,1,allow
50.456,3391438848,16355328,14326784,284106752,282043392,300462080,284106752,16355328,300462080,1,allow
50.962,3391590400,16355328,14326784,284106752,282014720,300462080,284106752,16355328,300462080,1,allow
51.469,3391963136,16355328,14326784,284495872,282407936,300851200,284495872,16355328,300851200,1,allow
51.975,3391787008,16355328,14326784,284319744,282305536,300675072,284319744,16355328,300675072,1,allow
52.481,3392020480,16355328,14326784,284786688,282559488,301142016,284786688,16355328,301142016,1,allow
52.988,3391938560,16355328,14326784,284786688,282543104,301142016,284786688,16355328,301142016,1,allow
53.495,3391909888,16355328,14326784,284778496,282563584,301133824,284778496,16355328,301133824,1,allow
54.001,3392028672,16355328,14326784,284778496,282530816,301133824,284778496,16355328,301133824,1,allow
54.507,3392008192,16355328,14326784,284590080,282559488,300945408,284590080,16355328,300945408,1,allow
55.013,3392098304,16355328,14326784,284590080,282530816,300945408,284590080,16355328,300945408,1,allow
55.519,3392049152,16355328,14326784,284585984,282555392,300941312,284585984,16355328,300941312,1,allow
56.025,3391918080,16355328,14326784,284585984,282539008,300941312,284585984,16355328,300941312,1,allow
56.532,3392163840,16355328,14326784,284577792,282551296,300933120,284577792,16355328,300933120,1,allow
57.039,3392028672,16355328,14326784,284577792,282555392,300933120,284577792,16355328,300933120,1,allow
57.545,3391918080,16355328,14326784,284577792,282563584,300933120,284577792,16355328,300933120,1,allow
58.052,3392077824,16355328,14326784,284577792,282563584,300933120,284577792,16355328,300933120,1,allow
58.558,3392028672,16355328,14326784,284708864,282571776,301064192,284708864,16355328,301064192,1,allow
59.090,3392040960,16355328,14326784,284573696,282579968,300929024,284573696,16355328,300929024,1,allow
59.600,3391877120,16355328,14326784,284422144,282457088,300777472,284422144,16355328,300777472,1,allow
60.106,3392036864,16355328,14326784,284422144,282457088,300777472,284422144,16355328,300777472,1,allow
60.612,3391725568,16355328,14326784,284422144,282457088,300777472,284422144,16355328,300777472,1,allow
61.118,3392352256,16355328,14330880,284733440,282784768,301088768,284733440,16355328,301088768,1,allow
61.624,3392229376,16355328,14330880,284733440,282719232,301088768,284733440,16355328,301088768,1,allow
62.130,3392184320,16355328,14330880,284864512,282752000,301219840,284864512,16355328,301219840,1,allow
62.638,3392172032,16355328,14330880,284860416,282764288,301215744,284860416,16355328,301215744,1,allow
63.148,3392323584,16355328,14330880,284860416,282764288,301215744,284860416,16355328,301215744,1,allow
63.655,3392290816,16355328,14330880,284860416,282756096,301215744,284860416,16355328,301215744,1,allow
64.182,3392184320,16355328,14330880,284860416,282752000,301215744,284860416,16355328,301215744,1,allow
64.689,3392192512,16355328,14330880,284860416,282756096,301215744,284860416,16355328,301215744,1,allow
65.196,3392352256,16355328,14330880,284860416,282756096,301215744,284860416,16355328,301215744,1,allow
65.703,3392450560,16355328,14330880,284848128,282756096,301203456,284848128,16355328,301203456,1,allow
66.210,3392217088,16355328,14330880,284848128,282756096,301203456,284848128,16355328,301203456,1,allow
66.716,3392167936,16355328,14330880,284844032,282727424,301199360,284844032,16355328,301199360,1,allow
67.223,3392315392,16355328,14330880,284844032,282727424,301199360,284844032,16355328,301199360,1,allow
67.730,3392282624,16355328,14330880,284844032,282731520,301199360,284844032,16355328,301199360,1,allow
68.237,3392184320,16355328,14330880,284844032,282731520,301199360,284844032,16355328,301199360,1,allow
68.743,3392167936,16355328,14330880,284971008,282731520,301326336,284971008,16355328,301326336,1,allow
69.249,3392323584,16355328,14330880,284971008,282731520,301326336,284971008,16355328,301326336,1,allow
69.756,3392270336,16355328,14330880,284971008,282731520,301326336,284971008,16355328,301326336,1,allow
70.262,3392413696,16355328,14330880,284971008,282731520,301326336,284971008,16355328,301326336,1,allow
70.768,3392139264,16355328,14330880,284839936,282731520,301195264,284839936,16355328,301195264,1,allow
71.275,3391971328,16355328,14330880,284839936,282731520,301195264,284839936,16355328,301195264,1,allow
71.781,3392729088,16355328,14330880,285356032,283272192,301711360,285356032,16355328,301711360,1,allow
72.287,3392102400,16355328,14330880,284897280,282747904,301252608,284897280,16355328,301252608,1,allow
72.794,3392344064,16355328,14330880,284880896,282747904,301236224,284880896,16355328,301236224,1,allow
73.300,3393290240,16355328,14330880,285810688,283677696,302166016,285810688,16355328,302166016,1,allow
73.806,3393282048,16355328,14330880,285806592,283689984,302161920,285806592,16355328,302161920,1,allow
74.312,3393179648,16355328,14330880,285900800,283706368,302424064,286068736,16355328,302424064,1,allow
74.819,3393126400,16355328,14330880,285900800,283698176,302256128,285900800,16355328,302256128,1,allow
75.325,3392995328,16355328,14330880,285884416,283710464,302239744,285884416,16355328,302239744,1,allow
75.831,3392970752,16355328,14330880,285753344,283702272,302108672,285753344,16355328,302108672,1,allow
76.337,3393122304,16355328,14330880,285753344,283714560,302108672,285753344,16355328,302108672,1,allow
76.843,3393327104,16355328,14330880,285753344,283702272,302108672,285753344,16355328,302108672,1,allow
77.349,3393249280,16355328,14330880,285884416,283714560,302239744,285884416,16355328,302239744,1,allow
77.855,3393191936,16355328,14330880,285884416,283706368,302239744,285884416,16355328,302239744,1,allow
78.362,3393331200,16355328,14330880,285880320,283714560,302235648,285880320,16355328,302235648,1,allow
78.868,3393306624,16355328,14330880,285880320,283706368,302235648,285880320,16355328,302235648,1,allow
79.375,3393466368,16355328,14330880,286142464,283984896,302497792,286142464,16355328,302497792,1,allow
79.881,3393150976,16355328,14330880,285851648,283718656,302206976,285851648,16355328,302206976,1,allow
80.387,3393568768,16355328,14330880,286113792,284009472,302469120,286113792,16355328,302469120,1,allow
80.893,3393269760,16355328,14330880,285843456,283726848,302198784,285843456,16355328,302198784,1,allow
81.400,3393671168,16355328,14330880,286105600,284009472,302460928,286105600,16355328,302460928,1,allow
81.906,3393265664,16355328,14330880,285839360,283722752,302194688,285839360,16355328,302194688,1,allow
82.412,3393392640,16355328,14330880,286101504,283984896,302456832,286101504,16355328,302456832,1,allow
82.917,3393118208,16355328,14330880,285962240,283722752,302317568,285962240,16355328,302317568,1,allow
83.425,3393249280,16355328,14330880,286224384,283743232,302579712,286224384,16355328,302579712,1,allow
83.932,3393220608,16355328,14330880,286093312,283726848,302448640,286093312,16355328,302448640,1,allow
84.438,3393388544,16355328,14330880,285933568,283735040,302288896,285933568,16355328,302288896,1,allow
84.945,3393294336,16355328,14330880,285933568,283726848,302288896,285933568,16355328,302288896,1,allow
85.451,3393204224,16355328,14330880,285908992,283735040,302264320,285908992,16355328,302264320,1,allow
85.957,3393392640,16355328,14330880,285908992,283726848,302264320,285908992,16355328,302264320,1,allow
86.464,3393298432,16355328,14330880,285908992,283735040,302264320,285908992,16355328,302264320,1,allow
86.970,3393224704,16355328,14330880,285908992,283726848,302264320,285908992,16355328,302264320,1,allow
87.476,3393384448,16355328,14330880,285892608,283735040,302247936,285892608,16355328,302247936,1,allow
87.983,3393310720,16355328,14330880,285892608,283730944,302247936,285892608,16355328,302247936,1,allow
88.489,3393232896,16355328,14330880,285892608,283743232,302247936,285892608,16355328,302247936,1,allow
88.995,3393187840,16355328,14330880,285892608,283735040,302247936,285892608,16355328,302247936,1,allow
89.501,3393343488,16355328,14330880,285888512,283743232,302243840,285888512,16355328,302243840,1,allow
90.009,3393261568,16355328,14330880,285888512,283743232,302243840,285888512,16355328,302243840,1,allow
90.515,3393187840,16355328,14330880,285888512,283763712,302243840,285888512,16355328,302243840,1,allow
91.021,3393376256,16355328,14330880,285888512,283751424,302243840,285888512,16355328,302243840,1,allow
91.527,3393282048,16355328,14330880,285868032,283763712,302223360,285868032,16355328,302223360,1,allow
92.034,3393224704,16355328,14330880,285868032,283759616,302223360,285868032,16355328,302223360,1,allow
92.540,3393363968,16355328,14330880,285999104,283759616,302354432,285999104,16355328,302354432,1,allow
93.046,3393269760,16355328,14330880,285999104,283755520,302354432,285999104,16355328,302354432,1,allow
93.552,3393167360,16355328,14330880,285868032,283759616,302223360,285868032,16355328,302223360,1,allow
94.059,3393130496,16355328,14330880,285868032,283755520,302223360,285868032,16355328,302223360,1,allow
94.566,3393273856,16355328,14330880,285868032,283771904,302223360,285868032,16355328,302223360,1,allow
95.073,3393220608,16355328,14330880,285868032,283759616,302223360,285868032,16355328,302223360,1,allow
95.579,3393114112,16355328,14330880,285978624,283776000,302333952,285978624,16355328,302333952,1,allow
96.085,3393077248,16355328,14330880,285978624,283771904,302333952,285978624,16355328,302333952,1,allow
96.591,3393236992,16355328,14330880,286101504,283780096,302456832,286101504,16355328,302456832,1,allow
97.097,3393437696,16355328,14330880,286101504,283776000,302456832,286101504,16355328,302456832,1,allow
97.604,3393347584,16355328,14330880,285966336,283780096,302321664,285966336,16355328,302321664,1,allow
98.110,3393314816,16355328,14330880,285966336,283776000,302321664,285966336,16355328,302321664,1,allow
98.616,3393204224,16355328,14330880,285904896,283767808,302260224,285904896,16355328,302260224,1,allow
99.122,3393183744,16355328,14330880,285904896,283776000,302260224,285904896,16355328,302260224,1,allow
99.628,3393294336,16355328,14330880,285847552,283767808,302202880,285847552,16355328,302202880,1,allow
100.135,3393269760,16355328,14330880,285847552,283767808,302202880,285847552,16355328,302202880,1,allow
100.641,3393155072,16355328,14330880,285847552,283771904,302202880,285847552,16355328,302202880,1,allow
101.147,3393130496,16355328,14330880,285847552,283771904,302202880,285847552,16355328,302202880,1,allow
101.653,3393253376,16355328,14330880,285978624,283771904,302333952,285978624,16355328,302333952,1,allow
102.159,3393228800,16355328,14330880,285978624,283776000,302333952,285978624,16355328,302333952,1,allow
102.665,3393122304,16355328,14330880,285974528,283780096,302329856,285974528,16355328,302329856,1,allow
103.172,3393093632,16355328,14330880,285843456,283780096,302198784,285843456,16355328,302198784,1,allow
103.678,3392974848,16355328,14330880,285843456,283780096,302198784,285843456,16355328,302198784,1,allow
104.185,3393462272,16355328,14330880,285843456,283780096,302198784,285843456,16355328,302198784,1,allow
104.692,3393331200,16355328,14330880,285974528,283780096,302329856,285974528,16355328,302329856,1,allow
105.198,3393306624,16355328,14330880,285974528,283780096,302329856,285974528,16355328,302329856,1,allow
105.713,3393196032,16355328,14330880,285958144,283780096,302313472,285958144,16355328,302313472,1,allow
106.219,3393171456,16355328,14330880,285958144,283784192,302313472,285958144,16355328,302313472,1,allow
106.725,3393318912,16355328,14330880,286089216,283792384,302444544,286089216,16355328,302444544,1,allow
107.231,3393294336,16355328,14330880,286089216,283792384,302444544,286089216,16355328,302444544,1,allow
107.738,3393171456,16355328,14330880,285958144,283784192,302313472,285958144,16355328,302313472,1,allow
108.244,3393146880,16355328,14330880,285958144,283792384,302313472,285958144,16355328,302313472,1,allow
108.750,3393290240,16355328,14330880,285958144,283792384,302313472,285958144,16355328,302313472,1,allow
109.257,3393515520,16355328,14330880,285958144,283796480,302313472,285958144,16355328,302313472,1,allow
109.763,3393376256,16355328,14330880,285929472,283812864,302284800,285929472,16355328,302284800,1,allow
110.270,3393351680,16355328,14330880,285929472,283821056,302284800,285929472,16355328,302284800,1,allow
110.782,3393204224,16355328,14330880,286044160,283833344,302399488,286044160,16355328,302399488,1,allow
111.288,3393175552,16355328,14330880,286044160,283837440,302399488,286044160,16355328,302399488,1,allow
111.795,3393327104,16355328,14330880,286175232,283841536,302530560,286175232,16355328,302530560,1,allow
112.301,3393265664,16355328,14330880,286040064,283845632,302395392,286040064,16355328,302395392,1,allow
112.807,3393155072,16355328,14330880,286035968,283915264,302391296,286035968,16355328,302391296,1,allow
113.313,3393130496,16355328,14330880,286035968,283915264,302391296,286035968,16355328,302391296,1,allow
113.821,3393273856,16355328,14330880,286031872,283915264,302387200,286031872,16355328,302387200,1,allow
114.327,3393503232,16355328,14330880,286031872,283919360,302387200,286031872,16355328,302387200,1,allow
114.833,3393359872,16355328,14330880,286031872,283923456,302387200,286031872,16355328,302387200,1,allow
115.340,3393331200,16355328,14330880,286031872,283923456,302387200,286031872,16355328,302387200,1,allow
115.846,3393474560,16355328,14330880,286031872,283923456,302387200,286031872,16355328,302387200,1,allow
116.353,3393433600,16355328,14330880,286031872,283923456,302387200,286031872,16355328,302387200,1,allow
116.859,3393576960,16355328,14330880,285896704,283931648,302252032,285896704,16355328,302252032,1,allow
